metric,player1,player2
mean_regret,34.675757575748094,427.6888888888749
std_regret,10.815003399961537,21.801591990604912
mean_utility,1210.1767676767697,958.8080808080804
std_utility,110.40913988704307,128.0071333606272
mean_win_rate,0.51642,0.48357999999999995
std_win_rate,0.010238828057937103,0.010238828057937098
