metric,player1,player2
mean_regret,26.65204081632641,305.6734693877541
std_regret,7.722564597118938,18.90312112689791
mean_utility,793.1775510204031,609.6408163265281
std_utility,76.80755201029311,80.62156040207803
mean_win_rate,0.5200400000000001,0.47996
std_win_rate,0.012852174913219954,0.012852174913219938
