metric,player1,player2
mean_regret,4.4833838383954205,79.02732323234014
std_regret,1.19274203214556,5.1137745632971745
mean_utility,358.3348989898916,305.9310606060545
std_utility,21.850458095307065,28.59150066010683
mean_win_rate,0.5080069999999999,0.491993
std_win_rate,0.011209043268718346,0.011209043268718343
