metric,player1,player2
mean_regret,42.18563698620733,29.046613937485972
std_regret,0.0,0.0
mean_utility,971.935881505684,967.8226080954452
std_utility,0.0,0.0
mean_win_rate,0.4922,0.5078
std_win_rate,0.0,0.0
