metric,player1,player2
mean_regret,14.600000000003206,51.18333333333296
std_regret,0.0,0.0
mean_utility,632.5500000000025,13.316666666666672
std_utility,0.0,0.0
mean_win_rate,0.882,0.118
std_win_rate,0.0,0.0
