mc_run,regret1,regret2,utility1,utility2,win_rate1,win_rate2
0,42.18563698620733,29.046613937485972,971.935881505684,967.8226080954452,0.4922,0.5078
