metric,player1,player2
mean_regret,120.505,505.81666666666666
std_regret,39.5471550809916,10.512360449595624
mean_utility,6301.975,136.00833333333333
std_utility,67.17534424921097,7.937931965498881
mean_win_rate,0.87511,0.12488999999999999
std_win_rate,0.008618462739955434,0.008618462739955429
