mc_run,regret1,regret2,utility1,utility2,win_rate1,win_rate2
0,164.5,499.83333333333337,6251.0,131.66666666666666,0.878,0.122
