metric,player1,player2
mean_regret,67.20909090982605,394.416666666625
std_regret,0.0,0.0
mean_utility,6478.24545454556,111.48787878787859
std_utility,0.0,0.0
mean_win_rate,0.901,0.099
std_win_rate,0.0,0.0
