mc_run,regret1,regret2,utility1,utility2,win_rate1,win_rate2
0,67.20909090982605,394.416666666625,6478.24545454556,111.48787878787859,0.901,0.099
