metric,player1,player2
mean_regret,63.90681818215717,5.324545454545546
std_regret,3.9380314806020906,0.9275702137183545
mean_utility,5908.733181818549,0.8231818181818171
std_utility,5.37909599843971,0.2222113691105466
mean_win_rate,0.9909100000000001,0.00909
std_win_rate,0.0011861281549647028,0.0011861281549647156
