mc_run,regret1,regret2,utility1,utility2,win_rate1,win_rate2
0,14.600000000003206,51.18333333333296,632.5500000000025,13.316666666666672,0.882,0.118
