mc_run,regret1,regret2,utility1,utility2,win_rate1,win_rate2
0,13.200000000007094,1.3,5724.600000000616,0.9000000000000001,0.9552,0.0448
