metric,player1,player2
mean_regret,34.478272885003335,18.848562692130265
std_regret,25.859241583089627,17.665343554423504
mean_utility,2985.23678070697,1530.7726014685252
std_utility,3128.783962975312,2218.1858445574653
mean_win_rate,0.61898,0.38102
std_win_rate,0.452894318356943,0.45289431835694294
