metric,player1,player2
mean_regret,61.4088636369629,401.8522272727249
std_regret,16.642939018222496,4.300160136763109
mean_utility,6496.994409091017,108.29640909090892
std_utility,18.73486314461666,2.477289293383613
mean_win_rate,0.9030059999999999,0.09699399999999998
std_win_rate,0.002566547096781978,0.0025665470967819776
