metric,player1,player2
mean_regret,4.464949494960968,78.44247474749228
std_regret,1.0800731051434251,5.688409012161575
mean_utility,355.8821717171648,304.3977272727225
std_utility,21.249011789196437,29.46917699571601
mean_win_rate,0.506839,0.4931609999999999
std_win_rate,0.013635343009986948,0.013635343009986952
