metric,player1,player2
mean_regret,1428.1151515151405,31.823737373744212
std_regret,70.39118793466129,9.863978863669082
mean_utility,985.7010101009922,1755.4282828282853
std_utility,50.43606616021117,81.79577654316866
mean_win_rate,0.48285,0.5171500000000001
std_win_rate,0.004144936670203777,0.004144936670203798
