metric,player1,player2
mean_regret,81.06792929292159,68.99510101006967
std_regret,5.1501793858848774,6.121092043639981
mean_utility,537.0246969696676,532.3460101009805
std_utility,16.517978782114056,14.656101714484542
mean_win_rate,0.504893,0.49510700000000013
std_win_rate,0.0034873845500604053,0.003487384550060398
