metric,player1,player2
mean_regret,2514.8353535351243,51.242979797970655
std_regret,56.252104714453,9.620145037331843
mean_utility,1278.338181818156,2449.206060606061
std_utility,30.432169401073608,27.25435390267635
mean_win_rate,0.503789,0.4962109999999999
std_win_rate,0.007456552755798083,0.007456552755798084
