metric,player1,player2
mean_regret,1755.894444444487,325.7616161616606
std_regret,77.20523701366149,48.05385708023738
mean_utility,2485.0666666666666,3187.360606060606
std_utility,67.76966633182654,90.22347907790244
mean_win_rate,0.511275,0.48872499999999997
std_win_rate,0.008885768115362905,0.0088857681153629
